insert into public.user (login, password_hash, hash_salt, role, registration_date, actual) values ('admin', '172e50f782d280f5503fe23fb64866f2bda2db6681a20d25263c0ccda2fc2573', '1b37f7e2b0011a2560be2bca20ba1139d94e5b75', 'admin', timestamp'01-01-2016', true);
insert into public.user (login, password_hash, hash_salt, role, registration_date, actual) values ('moderator1', '172e50f782d280f5503fe23fb64866f2bda2db6681a20d25263c0ccda2fc2573', '1b37f7e2b0011a2560be2bca20ba1139d94e5b75', 'moderator', timestamp'01-01-2016', true);
insert into public.user (login, password_hash, hash_salt, role, registration_date, actual) values ('moderator2', '172e50f782d280f5503fe23fb64866f2bda2db6681a20d25263c0ccda2fc2573', '1b37f7e2b0011a2560be2bca20ba1139d94e5b75', 'moderator', timestamp'01-01-2016', true);
insert into public.user (login, password_hash, hash_salt, role, registration_date, actual) values ('moderator3', '172e50f782d280f5503fe23fb64866f2bda2db6681a20d25263c0ccda2fc2573', '1b37f7e2b0011a2560be2bca20ba1139d94e5b75', 'moderator', timestamp'01-01-2016', true);
insert into public.user (login, password_hash, hash_salt, role, registration_date, actual) values ('moderator4', '172e50f782d280f5503fe23fb64866f2bda2db6681a20d25263c0ccda2fc2573', '1b37f7e2b0011a2560be2bca20ba1139d94e5b75', 'moderator', timestamp'01-01-2016', true);
insert into public.user (login, password_hash, hash_salt, role, registration_date, actual) values ('participant1', '172e50f782d280f5503fe23fb64866f2bda2db6681a20d25263c0ccda2fc2573', '1b37f7e2b0011a2560be2bca20ba1139d94e5b75', 'participant', timestamp'01-01-2016', true);
insert into public.user (login, password_hash, hash_salt, role, registration_date, actual) values ('participant2', '172e50f782d280f5503fe23fb64866f2bda2db6681a20d25263c0ccda2fc2573', '1b37f7e2b0011a2560be2bca20ba1139d94e5b75', 'participant', timestamp'01-01-2016', true);
insert into public.user (login, password_hash, hash_salt, role, registration_date, actual) values ('participant3', '172e50f782d280f5503fe23fb64866f2bda2db6681a20d25263c0ccda2fc2573', '1b37f7e2b0011a2560be2bca20ba1139d94e5b75', 'participant', timestamp'01-01-2016', true);
insert into public.user (login, password_hash, hash_salt, role, registration_date, actual) values ('participant4', '172e50f782d280f5503fe23fb64866f2bda2db6681a20d25263c0ccda2fc2573', '1b37f7e2b0011a2560be2bca20ba1139d94e5b75', 'participant', timestamp'01-01-2016', true);
insert into public.user (login, password_hash, hash_salt, role, registration_date, actual) values ('participant5', '172e50f782d280f5503fe23fb64866f2bda2db6681a20d25263c0ccda2fc2573', '1b37f7e2b0011a2560be2bca20ba1139d94e5b75', 'participant', timestamp'01-01-2016', true);
insert into public.user (login, password_hash, hash_salt, role, registration_date, actual) values ('participant6', '172e50f782d280f5503fe23fb64866f2bda2db6681a20d25263c0ccda2fc2573', '1b37f7e2b0011a2560be2bca20ba1139d94e5b75', 'participant', timestamp'01-01-2016', true);
insert into public.user (login, password_hash, hash_salt, role, registration_date, actual) values ('participant7', '172e50f782d280f5503fe23fb64866f2bda2db6681a20d25263c0ccda2fc2573', '1b37f7e2b0011a2560be2bca20ba1139d94e5b75', 'participant', timestamp'01-01-2016', true);
insert into public.user (login, password_hash, hash_salt, role, registration_date, actual) values ('participant8', '172e50f782d280f5503fe23fb64866f2bda2db6681a20d25263c0ccda2fc2573', '1b37f7e2b0011a2560be2bca20ba1139d94e5b75', 'participant', timestamp'01-01-2016', true);
insert into public.user (login, password_hash, hash_salt, role, registration_date, actual) values ('participant9', '172e50f782d280f5503fe23fb64866f2bda2db6681a20d25263c0ccda2fc2573', '1b37f7e2b0011a2560be2bca20ba1139d94e5b75', 'participant', timestamp'01-01-2016', true);
insert into public.user (login, password_hash, hash_salt, role, registration_date, actual) values ('participant10', '172e50f782d280f5503fe23fb64866f2bda2db6681a20d25263c0ccda2fc2573', '1b37f7e2b0011a2560be2bca20ba1139d94e5b75', 'participant', timestamp'01-01-2016', true);

insert into public.competition (name, hold_competition, evaluation_type, registration_type, visible, show_monitor, pretests_only, practice_permition, finished, folder_name, competition_start, competition_interval, interval_frozen) values ('Competition 1', true, 'icpc', 'public', true, false, false, true, true, '1', timestamp'01-01-2015', 120, 0);
insert into public.competition (name, hold_competition, evaluation_type, registration_type, visible, show_monitor, pretests_only, practice_permition, finished, folder_name, competition_start, competition_interval, interval_frozen) values ('Competition 2', true, 'icpc', 'public', true, false, false, true, true, '2', timestamp'01-02-2015', 120, 0);
insert into public.competition (name, hold_competition, evaluation_type, registration_type, visible, show_monitor, pretests_only, practice_permition, finished, folder_name, competition_start, competition_interval, interval_frozen) values ('Competition 3', true, 'icpc', 'public', true, false, false, true, true, '3', timestamp'01-03-2015', 120, 0);
insert into public.competition (name, hold_competition, evaluation_type, registration_type, visible, show_monitor, pretests_only, practice_permition, finished, folder_name, competition_start, competition_interval, interval_frozen) values ('Competition 4', true, 'icpc', 'public', true, false, false, true, true, '4', timestamp'01-04-2015', 120, 0);
insert into public.competition (name, hold_competition, evaluation_type, registration_type, visible, show_monitor, pretests_only, practice_permition, finished, folder_name, competition_start, competition_interval, interval_frozen) values ('Competition 5', true, 'icpc', 'public', true, false, false, true, true, '5', timestamp'01-05-2015', 120, 0);
insert into public.competition (name, hold_competition, evaluation_type, registration_type, visible, show_monitor, pretests_only, practice_permition, finished, folder_name, competition_start, competition_interval, interval_frozen) values ('Competition 6', true, 'icpc', 'public', true, false, false, true, false, '6', timestamp'01-01-2017', 120, 0);
insert into public.competition (name, hold_competition, evaluation_type, registration_type, visible, show_monitor, pretests_only, practice_permition, finished, folder_name, competition_start, competition_interval, interval_frozen) values ('Competition 7', true, 'icpc', 'public', true, false, false, true, false, '7', timestamp'01-02-2017', 120, 0);
insert into public.competition (name, hold_competition, evaluation_type, registration_type, visible, show_monitor, pretests_only, practice_permition, finished, folder_name, competition_start, competition_interval, interval_frozen) values ('Competition 8', true, 'icpc', 'public', false, false, false, true, false, '8', timestamp'01-03-2017', 120, 0);
insert into public.competition (name, hold_competition, evaluation_type, registration_type, visible, show_monitor, pretests_only, practice_permition, finished, folder_name, competition_start, competition_interval, interval_frozen) values ('Competition 9', true, 'icpc', 'public', false, false, false, true, false, '9', timestamp'01-04-2017', 120, 0);
insert into public.competition (name, hold_competition, evaluation_type, registration_type, visible, show_monitor, pretests_only, practice_permition, finished, folder_name, competition_start, competition_interval, interval_frozen) values ('Competition 10', true, 'icpc', 'public', false, false, false, true, false, '10', timestamp'01-05-2017', 120, 0);

insert into public.problem (type, name, description_file_exists, validated, folder_name) values ('coding', 'Problem 1', true, true, '1');
insert into public.problem (type, name, description_file_exists, validated, folder_name) values ('coding', 'Problem 2', true, true, '2');
insert into public.problem (type, name, description_file_exists, validated, folder_name) values ('coding', 'Problem 3', true, true, '3');
insert into public.problem (type, name, description_file_exists, validated, folder_name) values ('coding', 'Problem 4', true, true, '4');
insert into public.problem (type, name, description_file_exists, validated, folder_name) values ('coding', 'Problem 5', true, true, '5');

insert into public.test_group (problem_id, test_group_type, tests_quantity, points_for_test) values (1, 'samples', 2, 0);
insert into public.test_group (problem_id, test_group_type, tests_quantity, points_for_test) values (1, 'pretests', 1, 0);
insert into public.test_group (problem_id, test_group_type, tests_quantity, points_for_test) values (1, 'tests_1', 1, 0);
insert into public.test_group (problem_id, test_group_type, tests_quantity, points_for_test) values (2, 'samples', 2, 0);
insert into public.test_group (problem_id, test_group_type, tests_quantity, points_for_test) values (2, 'pretests', 1, 0);
insert into public.test_group (problem_id, test_group_type, tests_quantity, points_for_test) values (2, 'tests_1', 1, 0);
insert into public.test_group (problem_id, test_group_type, tests_quantity, points_for_test) values (3, 'samples', 2, 0);
insert into public.test_group (problem_id, test_group_type, tests_quantity, points_for_test) values (3, 'pretests', 1, 0);
insert into public.test_group (problem_id, test_group_type, tests_quantity, points_for_test) values (3, 'tests_1', 1, 0);
insert into public.test_group (problem_id, test_group_type, tests_quantity, points_for_test) values (4, 'samples', 2, 0);
insert into public.test_group (problem_id, test_group_type, tests_quantity, points_for_test) values (4, 'pretests', 1, 0);
insert into public.test_group (problem_id, test_group_type, tests_quantity, points_for_test) values (4, 'tests_1', 1, 0);
insert into public.test_group (problem_id, test_group_type, tests_quantity, points_for_test) values (5, 'samples', 2, 0);
insert into public.test_group (problem_id, test_group_type, tests_quantity, points_for_test) values (5, 'pretests', 1, 0);
insert into public.test_group (problem_id, test_group_type, tests_quantity, points_for_test) values (5, 'tests_1', 1, 0);

insert into public.competition_problem (competition_id, problem_id, problem_number) values (1, 1, 'A');
insert into public.competition_problem (competition_id, problem_id, problem_number) values (1, 2, 'B');
insert into public.competition_problem (competition_id, problem_id, problem_number) values (1, 3, 'C');
insert into public.competition_problem (competition_id, problem_id, problem_number) values (1, 4, 'D');
insert into public.competition_problem (competition_id, problem_id, problem_number) values (1, 5, 'E');
insert into public.competition_problem (competition_id, problem_id, problem_number) values (2, 1, 'A');
insert into public.competition_problem (competition_id, problem_id, problem_number) values (2, 2, 'B');
insert into public.competition_problem (competition_id, problem_id, problem_number) values (2, 3, 'C');
insert into public.competition_problem (competition_id, problem_id, problem_number) values (2, 4, 'D');
insert into public.competition_problem (competition_id, problem_id, problem_number) values (2, 5, 'E');
insert into public.competition_problem (competition_id, problem_id, problem_number) values (3, 1, 'A');
insert into public.competition_problem (competition_id, problem_id, problem_number) values (3, 2, 'B');
insert into public.competition_problem (competition_id, problem_id, problem_number) values (3, 3, 'C');
insert into public.competition_problem (competition_id, problem_id, problem_number) values (3, 4, 'D');
insert into public.competition_problem (competition_id, problem_id, problem_number) values (3, 5, 'E');
insert into public.competition_problem (competition_id, problem_id, problem_number) values (4, 1, 'A');
insert into public.competition_problem (competition_id, problem_id, problem_number) values (4, 2, 'B');
insert into public.competition_problem (competition_id, problem_id, problem_number) values (4, 3, 'C');
insert into public.competition_problem (competition_id, problem_id, problem_number) values (4, 4, 'D');
insert into public.competition_problem (competition_id, problem_id, problem_number) values (4, 5, 'E');
insert into public.competition_problem (competition_id, problem_id, problem_number) values (5, 1, 'A');
insert into public.competition_problem (competition_id, problem_id, problem_number) values (5, 2, 'B');
insert into public.competition_problem (competition_id, problem_id, problem_number) values (5, 3, 'C');
insert into public.competition_problem (competition_id, problem_id, problem_number) values (5, 4, 'D');
insert into public.competition_problem (competition_id, problem_id, problem_number) values (5, 5, 'E');

insert into public.compilator (name) values ('java');

insert into public.author_decision (problem_id, folder_name, compilator_id) values (1, 'ki_decision', 1);
insert into public.author_decision (problem_id, folder_name, compilator_id) values (2, 'ki_decision', 1);
insert into public.author_decision (problem_id, folder_name, compilator_id) values (3, 'ki_decision', 1);
insert into public.author_decision (problem_id, folder_name, compilator_id) values (4, 'ki_decision', 1);
insert into public.author_decision (problem_id, folder_name, compilator_id) values (5, 'ki_decision', 1);

insert into public.submission (competition_problem_id, user_id, compilator_id, submission_time, folder_name, verdict, wrong_test_number, decision_time) values (1, 6, 1, timestamp'01-01-2016 00:23:00', '1', 'accepted', null, 942);
insert into public.submission (competition_problem_id, user_id, compilator_id, submission_time, folder_name, verdict, wrong_test_number, decision_time) values (1, 7, 1, timestamp'01-01-2016 00:23:00', '2', 'accepted', null, 942);
insert into public.submission (competition_problem_id, user_id, compilator_id, submission_time, folder_name, verdict, wrong_test_number, decision_time) values (1, 8, 1, timestamp'01-01-2016 00:23:00', '3', 'accepted', null, 942);
insert into public.submission (competition_problem_id, user_id, compilator_id, submission_time, folder_name, verdict, wrong_test_number, decision_time) values (1, 9, 1, timestamp'01-01-2016 00:23:00', '4', 'accepted', null, 942);
insert into public.submission (competition_problem_id, user_id, compilator_id, submission_time, folder_name, verdict, wrong_test_number, decision_time) values (1, 10, 1, timestamp'01-01-2016 00:23:00', '5', 'accepted', null, 942);
insert into public.submission (competition_problem_id, user_id, compilator_id, submission_time, folder_name, verdict, wrong_test_number, decision_time) values (1, 11, 1, timestamp'01-01-2016 00:23:00', '6', 'accepted', null, 942);
insert into public.submission (competition_problem_id, user_id, compilator_id, submission_time, folder_name, verdict, wrong_test_number, decision_time) values (1, 12, 1, timestamp'01-01-2016 00:23:00', '7', 'accepted', null, 942);
insert into public.submission (competition_problem_id, user_id, compilator_id, submission_time, folder_name, verdict, wrong_test_number, decision_time) values (1, 13, 1, timestamp'01-01-2016 00:23:00', '8', 'accepted', null, 942);
insert into public.submission (competition_problem_id, user_id, compilator_id, submission_time, folder_name, verdict, wrong_test_number, decision_time) values (1, 14, 1, timestamp'01-01-2016 00:23:00', '9', 'accepted', null, 942);
insert into public.submission (competition_problem_id, user_id, compilator_id, submission_time, folder_name, verdict, wrong_test_number, decision_time) values (1, 15, 1, timestamp'01-01-2016 00:23:00', '10', 'accepted', null, 942);
insert into public.submission (competition_problem_id, user_id, compilator_id, submission_time, folder_name, verdict, wrong_test_number, decision_time) values (2, 6, 1, timestamp'01-01-2016 00:24:00', '11', 'accepted', null, 942);
insert into public.submission (competition_problem_id, user_id, compilator_id, submission_time, folder_name, verdict, wrong_test_number, decision_time) values (3, 7, 1, timestamp'01-01-2016 00:25:00', '12', 'accepted', null, 942);
insert into public.submission (competition_problem_id, user_id, compilator_id, submission_time, folder_name, verdict, wrong_test_number, decision_time) values (5, 8, 1, timestamp'01-01-2016 00:26:00', '13', 'accepted', null, 942);
insert into public.submission (competition_problem_id, user_id, compilator_id, submission_time, folder_name, verdict, wrong_test_number, decision_time) values (4, 9, 1, timestamp'01-01-2016 00:27:00', '14', 'accepted', null, 942);
insert into public.submission (competition_problem_id, user_id, compilator_id, submission_time, folder_name, verdict, wrong_test_number, decision_time) values (5, 10, 1, timestamp'01-01-2016 00:28:00', '15', 'accepted', null, 942);
insert into public.submission (competition_problem_id, user_id, compilator_id, submission_time, folder_name, verdict, wrong_test_number, decision_time) values (5, 11, 1, timestamp'01-01-2016 00:29:00', '16', 'accepted', null, 942);
insert into public.submission (competition_problem_id, user_id, compilator_id, submission_time, folder_name, verdict, wrong_test_number, decision_time) values (2, 12, 1, timestamp'01-01-2016 00:30:00', '17', 'accepted', null, 942);
insert into public.submission (competition_problem_id, user_id, compilator_id, submission_time, folder_name, verdict, wrong_test_number, decision_time) values (4, 13, 1, timestamp'01-01-2016 00:31:00', '18', 'accepted', null, 942);
insert into public.submission (competition_problem_id, user_id, compilator_id, submission_time, folder_name, verdict, wrong_test_number, decision_time) values (3, 14, 1, timestamp'01-01-2016 00:32:00', '19', 'accepted', null, 942);
insert into public.submission (competition_problem_id, user_id, compilator_id, submission_time, folder_name, verdict, wrong_test_number, decision_time) values (3, 15, 1, timestamp'01-01-2016 00:33:00', '20', 'accepted', null, 942);

insert into public.participation (competition_id, user_id, registered, points, fine, place, solved_problems) values (1, 6, true, 2, 47, 1, 2);
insert into public.participation (competition_id, user_id, registered, points, fine, place, solved_problems) values (1, 7, true, 2, 48, 2, 2);
insert into public.participation (competition_id, user_id, registered, points, fine, place, solved_problems) values (1, 8, true, 2, 49, 3, 2);
insert into public.participation (competition_id, user_id, registered, points, fine, place, solved_problems) values (1, 9, true, 2, 50, 4, 2);
insert into public.participation (competition_id, user_id, registered, points, fine, place, solved_problems) values (1, 10, true, 2, 51, 5, 2);
insert into public.participation (competition_id, user_id, registered, points, fine, place, solved_problems) values (1, 11, true, 2, 52, 6, 2);
insert into public.participation (competition_id, user_id, registered, points, fine, place, solved_problems) values (1, 12, true, 2, 53, 7, 2);
insert into public.participation (competition_id, user_id, registered, points, fine, place, solved_problems) values (1, 13, true, 2, 54, 8, 2);
insert into public.participation (competition_id, user_id, registered, points, fine, place, solved_problems) values (1, 14, true, 2, 55, 9, 2);
insert into public.participation (competition_id, user_id, registered, points, fine, place, solved_problems) values (1, 15, true, 2, 56, 10, 2);
insert into public.participation (competition_id, user_id, registered, points, fine, place, solved_problems) values (6, 6, true, null, null, null, null);
insert into public.participation (competition_id, user_id, registered, points, fine, place, solved_problems) values (6, 7, true, null, null, null, null);
insert into public.participation (competition_id, user_id, registered, points, fine, place, solved_problems) values (6, 8, true, null, null, null, null);
insert into public.participation (competition_id, user_id, registered, points, fine, place, solved_problems) values (6, 9, true, null, null, null, null);
insert into public.participation (competition_id, user_id, registered, points, fine, place, solved_problems) values (6, 10, true, null, null, null, null);

insert into public.participation_result (user_id, competition_problem_id, points, fine) values (6, 1, 1, 23);
insert into public.participation_result (user_id, competition_problem_id, points, fine) values (6, 2, 1, 24);
insert into public.participation_result (user_id, competition_problem_id, points, fine) values (6, 3, 0, 0);
insert into public.participation_result (user_id, competition_problem_id, points, fine) values (6, 4, 0, 0);
insert into public.participation_result (user_id, competition_problem_id, points, fine) values (6, 5, 0, 0);
insert into public.participation_result (user_id, competition_problem_id, points, fine) values (7, 1, 1, 23);
insert into public.participation_result (user_id, competition_problem_id, points, fine) values (7, 2, 0, 0);
insert into public.participation_result (user_id, competition_problem_id, points, fine) values (7, 3, 1, 25);
insert into public.participation_result (user_id, competition_problem_id, points, fine) values (7, 4, 0, 0);
insert into public.participation_result (user_id, competition_problem_id, points, fine) values (7, 5, 0, 0);
insert into public.participation_result (user_id, competition_problem_id, points, fine) values (8, 1, 1, 23);
insert into public.participation_result (user_id, competition_problem_id, points, fine) values (8, 2, 0, 0);
insert into public.participation_result (user_id, competition_problem_id, points, fine) values (8, 3, 0, 0);
insert into public.participation_result (user_id, competition_problem_id, points, fine) values (8, 4, 0, 0);
insert into public.participation_result (user_id, competition_problem_id, points, fine) values (8, 5, 1, 26);
insert into public.participation_result (user_id, competition_problem_id, points, fine) values (9, 1, 1, 23);
insert into public.participation_result (user_id, competition_problem_id, points, fine) values (9, 2, 0, 0);
insert into public.participation_result (user_id, competition_problem_id, points, fine) values (9, 3, 0, 0);
insert into public.participation_result (user_id, competition_problem_id, points, fine) values (9, 4, 1, 27);
insert into public.participation_result (user_id, competition_problem_id, points, fine) values (9, 5, 0, 0);
insert into public.participation_result (user_id, competition_problem_id, points, fine) values (10, 1, 1, 23);
insert into public.participation_result (user_id, competition_problem_id, points, fine) values (10, 2, 0, 0);
insert into public.participation_result (user_id, competition_problem_id, points, fine) values (10, 3, 0, 0);
insert into public.participation_result (user_id, competition_problem_id, points, fine) values (10, 4, 0, 0);
insert into public.participation_result (user_id, competition_problem_id, points, fine) values (10, 5, 1, 28);
insert into public.participation_result (user_id, competition_problem_id, points, fine) values (11, 1, 1, 23);
insert into public.participation_result (user_id, competition_problem_id, points, fine) values (11, 2, 0, 0);
insert into public.participation_result (user_id, competition_problem_id, points, fine) values (11, 3, 0, 0);
insert into public.participation_result (user_id, competition_problem_id, points, fine) values (11, 4, 0, 0);
insert into public.participation_result (user_id, competition_problem_id, points, fine) values (11, 5, 1, 29);
insert into public.participation_result (user_id, competition_problem_id, points, fine) values (12, 1, 1, 23);
insert into public.participation_result (user_id, competition_problem_id, points, fine) values (12, 2, 1, 30);
insert into public.participation_result (user_id, competition_problem_id, points, fine) values (12, 3, 0, 0);
insert into public.participation_result (user_id, competition_problem_id, points, fine) values (12, 4, 0, 0);
insert into public.participation_result (user_id, competition_problem_id, points, fine) values (12, 5, 0, 0);
insert into public.participation_result (user_id, competition_problem_id, points, fine) values (13, 1, 1, 23);
insert into public.participation_result (user_id, competition_problem_id, points, fine) values (13, 2, 0, 0);
insert into public.participation_result (user_id, competition_problem_id, points, fine) values (13, 3, 0, 0);
insert into public.participation_result (user_id, competition_problem_id, points, fine) values (13, 4, 1, 31);
insert into public.participation_result (user_id, competition_problem_id, points, fine) values (13, 5, 0, 0);
insert into public.participation_result (user_id, competition_problem_id, points, fine) values (14, 1, 1, 23);
insert into public.participation_result (user_id, competition_problem_id, points, fine) values (14, 2, 0, 0);
insert into public.participation_result (user_id, competition_problem_id, points, fine) values (14, 3, 1, 32);
insert into public.participation_result (user_id, competition_problem_id, points, fine) values (14, 4, 0, 0);
insert into public.participation_result (user_id, competition_problem_id, points, fine) values (14, 5, 0, 0);
insert into public.participation_result (user_id, competition_problem_id, points, fine) values (15, 1, 1, 23);
insert into public.participation_result (user_id, competition_problem_id, points, fine) values (15, 2, 0, 0);
insert into public.participation_result (user_id, competition_problem_id, points, fine) values (15, 3, 1, 33);
insert into public.participation_result (user_id, competition_problem_id, points, fine) values (15, 4, 0, 0);
insert into public.participation_result (user_id, competition_problem_id, points, fine) values (15, 5, 0, 0);